{
  "sceneId": 20000,
  "bornPosList": [
    {
      "id": 1,
      "configId": 20005,
      "roomId": 0,
      "pos": {
        "x": 101.421852,
        "y": 0.539999962,
        "z": 322.091675
      },
      "rot": {
        "x": 0.0,
        "y": 201.531235,
        "z": 0.0
      },
      "groupId": 220000066,
      "suiteId": 0,
      "suiteIdList": [
        1
      ]
    }
  ]
}